<INSTANCE CLASSNAME="SMS_TaskSequencePackage">
  <QUALIFIER NAME="dynamic" PROPAGATED="true" TYPE="boolean" TOSUBCLASS="false" TOINSTANCE="true">
    <VALUE>TRUE</VALUE>
  </QUALIFIER>
  <QUALIFIER NAME="SecurityVerbs" TYPE="sint32" TOSUBCLASS="false">
    <VALUE>-1</VALUE>
  </QUALIFIER>
  <PROPERTY NAME="__PATH" CLASSORIGIN="___SYSTEM" TYPE="string">
    <VALUE>\\CM01\root\sms\site_PS1:SMS_TaskSequencePackage.PackageID="PS10000E"</VALUE>
  </PROPERTY>
  <PROPERTY NAME="__NAMESPACE" CLASSORIGIN="___SYSTEM" TYPE="string">
    <VALUE>root\sms\site_PS1</VALUE>
  </PROPERTY>
  <PROPERTY NAME="__SERVER" CLASSORIGIN="___SYSTEM" TYPE="string">
    <VALUE>CM01</VALUE>
  </PROPERTY>
  <PROPERTY.ARRAY NAME="__DERIVATION" CLASSORIGIN="___SYSTEM" TYPE="string">
    <VALUE.ARRAY>
      <VALUE>SMS_PackageBaseclass</VALUE>
      <VALUE>SMS_BaseClass</VALUE>
    </VALUE.ARRAY>
  </PROPERTY.ARRAY>
  <PROPERTY NAME="__PROPERTY_COUNT" CLASSORIGIN="___SYSTEM" TYPE="sint32">
    <VALUE>71</VALUE>
  </PROPERTY>
  <PROPERTY NAME="__RELPATH" CLASSORIGIN="___SYSTEM" TYPE="string">
    <VALUE>SMS_TaskSequencePackage.PackageID="PS10000E"</VALUE>
  </PROPERTY>
  <PROPERTY NAME="__DYNASTY" CLASSORIGIN="___SYSTEM" TYPE="string">
    <VALUE>SMS_BaseClass</VALUE>
  </PROPERTY>
  <PROPERTY NAME="__SUPERCLASS" CLASSORIGIN="___SYSTEM" TYPE="string">
    <VALUE>SMS_PackageBaseclass</VALUE>
  </PROPERTY>
  <PROPERTY NAME="__CLASS" CLASSORIGIN="___SYSTEM" TYPE="string">
    <VALUE>SMS_TaskSequencePackage</VALUE>
  </PROPERTY>
  <PROPERTY NAME="__GENUS" CLASSORIGIN="___SYSTEM" TYPE="sint32">
    <VALUE>2</VALUE>
  </PROPERTY>
  <PROPERTY NAME="ActionInProgress" CLASSORIGIN="SMS_PackageBaseclass" TYPE="uint32">
    <QUALIFIER NAME="CIMTYPE" PROPAGATED="true" TYPE="string" TOINSTANCE="true">
      <VALUE>uint32</VALUE>
    </QUALIFIER>
    <VALUE>1</VALUE>
  </PROPERTY>
  <PROPERTY NAME="AlternateContentProviders" CLASSORIGIN="SMS_PackageBaseclass" TYPE="string">
    <QUALIFIER NAME="CIMTYPE" PROPAGATED="true" TYPE="string" TOINSTANCE="true">
      <VALUE>string</VALUE>
    </QUALIFIER>
    <VALUE></VALUE>
  </PROPERTY>
  <PROPERTY NAME="BootImageID" CLASSORIGIN="SMS_TaskSequencePackage" TYPE="string">
    <QUALIFIER NAME="CIMTYPE" PROPAGATED="true" TYPE="string" TOINSTANCE="true">
      <VALUE>string</VALUE>
    </QUALIFIER>
    <VALUE></VALUE>
  </PROPERTY>
  <PROPERTY NAME="Category" CLASSORIGIN="SMS_TaskSequencePackage" TYPE="string">
    <QUALIFIER NAME="CIMTYPE" PROPAGATED="true" TYPE="string" TOINSTANCE="true">
      <VALUE>string</VALUE>
    </QUALIFIER>
    <VALUE></VALUE>
  </PROPERTY>
  <PROPERTY NAME="CustomHighImpactHeadline" CLASSORIGIN="SMS_TaskSequencePackage" TYPE="string">
    <QUALIFIER NAME="CIMTYPE" PROPAGATED="true" TYPE="string" TOINSTANCE="true">
      <VALUE>string</VALUE>
    </QUALIFIER>
    <VALUE></VALUE>
  </PROPERTY>
  <PROPERTY NAME="CustomHighImpactSet" CLASSORIGIN="SMS_TaskSequencePackage" TYPE="uint32">
    <QUALIFIER NAME="CIMTYPE" PROPAGATED="true" TYPE="string" TOINSTANCE="true">
      <VALUE>uint32</VALUE>
    </QUALIFIER>
    <VALUE>0</VALUE>
  </PROPERTY>
  <PROPERTY NAME="CustomHighImpactWarning" CLASSORIGIN="SMS_TaskSequencePackage" TYPE="string">
    <QUALIFIER NAME="CIMTYPE" PROPAGATED="true" TYPE="string" TOINSTANCE="true">
      <VALUE>string</VALUE>
    </QUALIFIER>
    <VALUE></VALUE>
  </PROPERTY>
  <PROPERTY NAME="CustomHighImpactWarningInstall" CLASSORIGIN="SMS_TaskSequencePackage" TYPE="string">
    <QUALIFIER NAME="CIMTYPE" PROPAGATED="true" TYPE="string" TOINSTANCE="true">
      <VALUE>string</VALUE>
    </QUALIFIER>
    <VALUE></VALUE>
  </PROPERTY>
  <PROPERTY NAME="CustomHighImpactWarningTop" CLASSORIGIN="SMS_TaskSequencePackage" TYPE="string">
    <QUALIFIER NAME="CIMTYPE" PROPAGATED="true" TYPE="string" TOINSTANCE="true">
      <VALUE>string</VALUE>
    </QUALIFIER>
    <VALUE></VALUE>
  </PROPERTY>
  <PROPERTY NAME="CustomProgressMsg" CLASSORIGIN="SMS_TaskSequencePackage" TYPE="string">
    <QUALIFIER NAME="CIMTYPE" PROPAGATED="true" TYPE="string" TOINSTANCE="true">
      <VALUE>string</VALUE>
    </QUALIFIER>
    <VALUE></VALUE>
  </PROPERTY>
  <PROPERTY NAME="DependentProgram" CLASSORIGIN="SMS_TaskSequencePackage" TYPE="string">
    <QUALIFIER NAME="CIMTYPE" PROPAGATED="true" TYPE="string" TOINSTANCE="true">
      <VALUE>string</VALUE>
    </QUALIFIER>
    <VALUE></VALUE>
  </PROPERTY>
  <PROPERTY NAME="Description" CLASSORIGIN="SMS_PackageBaseclass" TYPE="string">
    <QUALIFIER NAME="CIMTYPE" PROPAGATED="true" TYPE="string" TOINSTANCE="true">
      <VALUE>string</VALUE>
    </QUALIFIER>
    <VALUE></VALUE>
  </PROPERTY>
  <PROPERTY NAME="Duration" CLASSORIGIN="SMS_TaskSequencePackage" TYPE="uint32">
    <QUALIFIER NAME="CIMTYPE" PROPAGATED="true" TYPE="string" TOINSTANCE="true">
      <VALUE>uint32</VALUE>
    </QUALIFIER>
    <VALUE>360</VALUE>
  </PROPERTY>
  <PROPERTY NAME="EstimatedDownloadSizeMB" CLASSORIGIN="SMS_TaskSequencePackage" TYPE="uint32">
    <QUALIFIER NAME="CIMTYPE" PROPAGATED="true" TYPE="string" TOINSTANCE="true">
      <VALUE>uint32</VALUE>
    </QUALIFIER>
    <VALUE>0</VALUE>
  </PROPERTY>
  <PROPERTY NAME="EstimatedRunTimeMinutes" CLASSORIGIN="SMS_TaskSequencePackage" TYPE="uint32">
    <QUALIFIER NAME="CIMTYPE" PROPAGATED="true" TYPE="string" TOINSTANCE="true">
      <VALUE>uint32</VALUE>
    </QUALIFIER>
    <VALUE>0</VALUE>
  </PROPERTY>
  <PROPERTY.ARRAY NAME="ExtendedData" CLASSORIGIN="SMS_PackageBaseclass" TYPE="uint8">
    <QUALIFIER NAME="CIMTYPE" PROPAGATED="true" TYPE="string" TOINSTANCE="true">
      <VALUE>uint8</VALUE>
    </QUALIFIER>
  </PROPERTY.ARRAY>
  <PROPERTY NAME="ExtendedDataSize" CLASSORIGIN="SMS_PackageBaseclass" TYPE="uint32">
    <QUALIFIER NAME="CIMTYPE" PROPAGATED="true" TYPE="string" TOINSTANCE="true">
      <VALUE>uint32</VALUE>
    </QUALIFIER>
    <VALUE>0</VALUE>
  </PROPERTY>
  <PROPERTY NAME="ForcedDisconnectDelay" CLASSORIGIN="SMS_PackageBaseclass" TYPE="uint32">
    <QUALIFIER NAME="CIMTYPE" PROPAGATED="true" TYPE="string" TOINSTANCE="true">
      <VALUE>uint32</VALUE>
    </QUALIFIER>
    <VALUE>5</VALUE>
  </PROPERTY>
  <PROPERTY NAME="ForcedDisconnectEnabled" CLASSORIGIN="SMS_PackageBaseclass" TYPE="boolean">
    <QUALIFIER NAME="CIMTYPE" PROPAGATED="true" TYPE="string" TOINSTANCE="true">
      <VALUE>boolean</VALUE>
    </QUALIFIER>
    <VALUE>FALSE</VALUE>
  </PROPERTY>
  <PROPERTY NAME="ForcedDisconnectNumRetries" CLASSORIGIN="SMS_PackageBaseclass" TYPE="uint32">
    <QUALIFIER NAME="CIMTYPE" PROPAGATED="true" TYPE="string" TOINSTANCE="true">
      <VALUE>uint32</VALUE>
    </QUALIFIER>
    <VALUE>2</VALUE>
  </PROPERTY>
  <PROPERTY NAME="HighImpactTaskSequence" CLASSORIGIN="SMS_TaskSequencePackage" TYPE="uint32">
    <QUALIFIER NAME="CIMTYPE" PROPAGATED="true" TYPE="string" TOINSTANCE="true">
      <VALUE>uint32</VALUE>
    </QUALIFIER>
    <VALUE>0</VALUE>
  </PROPERTY>
  <PROPERTY.ARRAY NAME="Icon" CLASSORIGIN="SMS_PackageBaseclass" TYPE="uint8">
    <QUALIFIER NAME="CIMTYPE" PROPAGATED="true" TYPE="string" TOINSTANCE="true">
      <VALUE>uint8</VALUE>
    </QUALIFIER>
  </PROPERTY.ARRAY>
  <PROPERTY NAME="IconSize" CLASSORIGIN="SMS_PackageBaseclass" TYPE="uint32">
    <QUALIFIER NAME="CIMTYPE" PROPAGATED="true" TYPE="string" TOINSTANCE="true">
      <VALUE>uint32</VALUE>
    </QUALIFIER>
    <VALUE>0</VALUE>
  </PROPERTY>
  <PROPERTY NAME="IgnoreAddressSchedule" CLASSORIGIN="SMS_PackageBaseclass" TYPE="boolean">
    <QUALIFIER NAME="CIMTYPE" PROPAGATED="true" TYPE="string" TOINSTANCE="true">
      <VALUE>boolean</VALUE>
    </QUALIFIER>
    <VALUE>FALSE</VALUE>
  </PROPERTY>
  <PROPERTY.ARRAY NAME="ISVData" CLASSORIGIN="SMS_PackageBaseclass" TYPE="uint8">
    <QUALIFIER NAME="CIMTYPE" PROPAGATED="true" TYPE="string" TOINSTANCE="true">
      <VALUE>uint8</VALUE>
    </QUALIFIER>
  </PROPERTY.ARRAY>
  <PROPERTY NAME="ISVDataSize" CLASSORIGIN="SMS_PackageBaseclass" TYPE="uint32">
    <QUALIFIER NAME="CIMTYPE" PROPAGATED="true" TYPE="string" TOINSTANCE="true">
      <VALUE>uint32</VALUE>
    </QUALIFIER>
    <VALUE>0</VALUE>
  </PROPERTY>
  <PROPERTY NAME="IsVersionCompatible" CLASSORIGIN="SMS_PackageBaseclass" PROPAGATED="true" TYPE="boolean">
    <QUALIFIER NAME="CIMTYPE" PROPAGATED="true" TYPE="string" TOINSTANCE="true">
      <VALUE>boolean</VALUE>
    </QUALIFIER>
  </PROPERTY>
  <PROPERTY NAME="ISVString" CLASSORIGIN="SMS_PackageBaseclass" TYPE="string">
    <QUALIFIER NAME="CIMTYPE" PROPAGATED="true" TYPE="string" TOINSTANCE="true">
      <VALUE>string</VALUE>
    </QUALIFIER>
    <VALUE></VALUE>
  </PROPERTY>
  <PROPERTY NAME="Language" CLASSORIGIN="SMS_PackageBaseclass" TYPE="string">
    <QUALIFIER NAME="CIMTYPE" PROPAGATED="true" TYPE="string" TOINSTANCE="true">
      <VALUE>string</VALUE>
    </QUALIFIER>
    <VALUE></VALUE>
  </PROPERTY>
  <PROPERTY NAME="LastRefreshTime" CLASSORIGIN="SMS_PackageBaseclass" TYPE="datetime">
    <QUALIFIER NAME="CIMTYPE" PROPAGATED="true" TYPE="string" TOINSTANCE="true">
      <VALUE>datetime</VALUE>
    </QUALIFIER>
    <VALUE>20170714144518.000000+000</VALUE>
  </PROPERTY>
  <PROPERTY.ARRAY NAME="LocalizedCategoryInstanceNames" CLASSORIGIN="SMS_PackageBaseclass" PROPAGATED="true" TYPE="string">
    <QUALIFIER NAME="CIMTYPE" PROPAGATED="true" TYPE="string" TOINSTANCE="true">
      <VALUE>string</VALUE>
    </QUALIFIER>
  </PROPERTY.ARRAY>
  <PROPERTY NAME="LocalizedTaskSequenceDescription" CLASSORIGIN="SMS_TaskSequencePackage" TYPE="string">
    <QUALIFIER NAME="CIMTYPE" PROPAGATED="true" TYPE="string" TOINSTANCE="true">
      <VALUE>string</VALUE>
    </QUALIFIER>
    <VALUE></VALUE>
  </PROPERTY>
  <PROPERTY NAME="LocalizedTaskSequenceName" CLASSORIGIN="SMS_TaskSequencePackage" TYPE="string">
    <QUALIFIER NAME="CIMTYPE" PROPAGATED="true" TYPE="string" TOINSTANCE="true">
      <VALUE>string</VALUE>
    </QUALIFIER>
    <VALUE></VALUE>
  </PROPERTY>
  <PROPERTY NAME="Manufacturer" CLASSORIGIN="SMS_PackageBaseclass" TYPE="string">
    <QUALIFIER NAME="CIMTYPE" PROPAGATED="true" TYPE="string" TOINSTANCE="true">
      <VALUE>string</VALUE>
    </QUALIFIER>
    <VALUE></VALUE>
  </PROPERTY>
  <PROPERTY NAME="MIFFilename" CLASSORIGIN="SMS_PackageBaseclass" TYPE="string">
    <QUALIFIER NAME="CIMTYPE" PROPAGATED="true" TYPE="string" TOINSTANCE="true">
      <VALUE>string</VALUE>
    </QUALIFIER>
    <VALUE></VALUE>
  </PROPERTY>
  <PROPERTY NAME="MIFName" CLASSORIGIN="SMS_PackageBaseclass" TYPE="string">
    <QUALIFIER NAME="CIMTYPE" PROPAGATED="true" TYPE="string" TOINSTANCE="true">
      <VALUE>string</VALUE>
    </QUALIFIER>
    <VALUE></VALUE>
  </PROPERTY>
  <PROPERTY NAME="MIFPublisher" CLASSORIGIN="SMS_PackageBaseclass" TYPE="string">
    <QUALIFIER NAME="CIMTYPE" PROPAGATED="true" TYPE="string" TOINSTANCE="true">
      <VALUE>string</VALUE>
    </QUALIFIER>
    <VALUE></VALUE>
  </PROPERTY>
  <PROPERTY NAME="MIFVersion" CLASSORIGIN="SMS_PackageBaseclass" TYPE="string">
    <QUALIFIER NAME="CIMTYPE" PROPAGATED="true" TYPE="string" TOINSTANCE="true">
      <VALUE>string</VALUE>
    </QUALIFIER>
    <VALUE></VALUE>
  </PROPERTY>
  <PROPERTY NAME="Name" CLASSORIGIN="SMS_PackageBaseclass" TYPE="string">
    <QUALIFIER NAME="CIMTYPE" PROPAGATED="true" TYPE="string" TOINSTANCE="true">
      <VALUE>string</VALUE>
    </QUALIFIER>
    <VALUE>Windows 10 Enterprise x64 v1607 Upgrade</VALUE>
  </PROPERTY>
  <PROPERTY NAME="NumOfPrograms" CLASSORIGIN="SMS_PackageBaseclass" PROPAGATED="true" TYPE="uint32">
    <QUALIFIER NAME="CIMTYPE" PROPAGATED="true" TYPE="string" TOINSTANCE="true">
      <VALUE>uint32</VALUE>
    </QUALIFIER>
  </PROPERTY>
  <PROPERTY NAME="ObjectPath" CLASSORIGIN="SMS_PackageBaseclass" TYPE="string">
    <QUALIFIER NAME="CIMTYPE" PROPAGATED="true" TYPE="string" TOINSTANCE="true">
      <VALUE>string</VALUE>
    </QUALIFIER>
  </PROPERTY>
  <PROPERTY NAME="PackageID" CLASSORIGIN="SMS_PackageBaseclass" TYPE="string">
    <QUALIFIER NAME="CIMTYPE" PROPAGATED="true" TYPE="string" TOINSTANCE="true">
      <VALUE>string</VALUE>
    </QUALIFIER>
    <QUALIFIER NAME="key" PROPAGATED="true" TYPE="boolean" OVERRIDABLE="false" TOINSTANCE="true">
      <VALUE>TRUE</VALUE>
    </QUALIFIER>
    <VALUE>PS10000E</VALUE>
  </PROPERTY>
  <PROPERTY NAME="PackageSize" CLASSORIGIN="SMS_PackageBaseclass" PROPAGATED="true" TYPE="uint32">
    <QUALIFIER NAME="CIMTYPE" PROPAGATED="true" TYPE="string" TOINSTANCE="true">
      <VALUE>uint32</VALUE>
    </QUALIFIER>
  </PROPERTY>
  <PROPERTY NAME="PackageType" CLASSORIGIN="SMS_PackageBaseclass" TYPE="uint32">
    <QUALIFIER NAME="CIMTYPE" PROPAGATED="true" TYPE="string" TOINSTANCE="true">
      <VALUE>uint32</VALUE>
    </QUALIFIER>
    <VALUE>4</VALUE>
  </PROPERTY>
  <PROPERTY NAME="PkgFlags" CLASSORIGIN="SMS_PackageBaseclass" TYPE="uint32">
    <QUALIFIER NAME="CIMTYPE" PROPAGATED="true" TYPE="string" TOINSTANCE="true">
      <VALUE>uint32</VALUE>
    </QUALIFIER>
    <VALUE>0</VALUE>
  </PROPERTY>
  <PROPERTY NAME="PkgSourceFlag" CLASSORIGIN="SMS_PackageBaseclass" TYPE="uint32">
    <QUALIFIER NAME="CIMTYPE" PROPAGATED="true" TYPE="string" TOINSTANCE="true">
      <VALUE>uint32</VALUE>
    </QUALIFIER>
    <VALUE>1</VALUE>
  </PROPERTY>
  <PROPERTY NAME="PkgSourcePath" CLASSORIGIN="SMS_PackageBaseclass" PROPAGATED="true" TYPE="string">
    <QUALIFIER NAME="CIMTYPE" PROPAGATED="true" TYPE="string" TOINSTANCE="true">
      <VALUE>string</VALUE>
    </QUALIFIER>
    <VALUE></VALUE>
  </PROPERTY>
  <PROPERTY NAME="PreDownloadRule" CLASSORIGIN="SMS_PackageBaseclass" TYPE="string">
    <QUALIFIER NAME="CIMTYPE" PROPAGATED="true" TYPE="string" TOINSTANCE="true">
      <VALUE>string</VALUE>
    </QUALIFIER>
    <VALUE></VALUE>
  </PROPERTY>
  <PROPERTY NAME="PreferredAddressType" CLASSORIGIN="SMS_PackageBaseclass" TYPE="string">
    <QUALIFIER NAME="CIMTYPE" PROPAGATED="true" TYPE="string" TOINSTANCE="true">
      <VALUE>string</VALUE>
    </QUALIFIER>
    <VALUE></VALUE>
  </PROPERTY>
  <PROPERTY NAME="Priority" CLASSORIGIN="SMS_PackageBaseclass" TYPE="uint32">
    <QUALIFIER NAME="CIMTYPE" PROPAGATED="true" TYPE="string" TOINSTANCE="true">
      <VALUE>uint32</VALUE>
    </QUALIFIER>
    <VALUE>2</VALUE>
  </PROPERTY>
  <PROPERTY NAME="ProgramFlags" CLASSORIGIN="SMS_TaskSequencePackage" TYPE="uint32">
    <QUALIFIER NAME="CIMTYPE" PROPAGATED="true" TYPE="string" TOINSTANCE="true">
      <VALUE>uint32</VALUE>
    </QUALIFIER>
    <VALUE>152084496</VALUE>
  </PROPERTY>
  <PROPERTY.OBJECTARRAY NAME="References" CLASSORIGIN="SMS_TaskSequencePackage" REFERENCECLASS="SMS_TaskSequence_Reference">
    <QUALIFIER NAME="CIMTYPE" PROPAGATED="true" TYPE="string" TOINSTANCE="true">
      <VALUE>object:SMS_TaskSequence_Reference</VALUE>
    </QUALIFIER>
    <VALUE.OBJECTARRAY>
      <VALUE.OBJECT>
        <INSTANCE CLASSNAME="SMS_TaskSequence_Reference">
          <PROPERTY NAME="__PATH" CLASSORIGIN="___SYSTEM" TYPE="string"></PROPERTY>
          <PROPERTY NAME="__NAMESPACE" CLASSORIGIN="___SYSTEM" TYPE="string"></PROPERTY>
          <PROPERTY NAME="__SERVER" CLASSORIGIN="___SYSTEM" TYPE="string"></PROPERTY>
          <PROPERTY.ARRAY NAME="__DERIVATION" CLASSORIGIN="___SYSTEM" TYPE="string">
            <VALUE.ARRAY></VALUE.ARRAY>
          </PROPERTY.ARRAY>
          <PROPERTY NAME="__PROPERTY_COUNT" CLASSORIGIN="___SYSTEM" TYPE="sint32">
            <VALUE>3</VALUE>
          </PROPERTY>
          <PROPERTY NAME="__RELPATH" CLASSORIGIN="___SYSTEM" TYPE="string"></PROPERTY>
          <PROPERTY NAME="__DYNASTY" CLASSORIGIN="___SYSTEM" TYPE="string">
            <VALUE>SMS_TaskSequence_Reference</VALUE>
          </PROPERTY>
          <PROPERTY NAME="__SUPERCLASS" CLASSORIGIN="___SYSTEM" TYPE="string"></PROPERTY>
          <PROPERTY NAME="__CLASS" CLASSORIGIN="___SYSTEM" TYPE="string">
            <VALUE>SMS_TaskSequence_Reference</VALUE>
          </PROPERTY>
          <PROPERTY NAME="__GENUS" CLASSORIGIN="___SYSTEM" TYPE="sint32">
            <VALUE>2</VALUE>
          </PROPERTY>
          <PROPERTY NAME="Package" CLASSORIGIN="SMS_TaskSequence_Reference" TYPE="string">
            <QUALIFIER NAME="CIMTYPE" PROPAGATED="true" TYPE="string" TOINSTANCE="true">
              <VALUE>string</VALUE>
            </QUALIFIER>
            <VALUE>PS10005C</VALUE>
          </PROPERTY>
          <PROPERTY NAME="Program" CLASSORIGIN="SMS_TaskSequence_Reference" TYPE="string">
            <QUALIFIER NAME="CIMTYPE" PROPAGATED="true" TYPE="string" TOINSTANCE="true">
              <VALUE>string</VALUE>
            </QUALIFIER>
            <VALUE>*</VALUE>
          </PROPERTY>
          <PROPERTY NAME="Type" CLASSORIGIN="SMS_TaskSequence_Reference" TYPE="uint32">
            <QUALIFIER NAME="CIMTYPE" PROPAGATED="true" TYPE="string" TOINSTANCE="true">
              <VALUE>uint32</VALUE>
            </QUALIFIER>
            <VALUE>0</VALUE>
          </PROPERTY>
        </INSTANCE>
      </VALUE.OBJECT>
      <VALUE.OBJECT>
        <INSTANCE CLASSNAME="SMS_TaskSequence_Reference">
          <PROPERTY NAME="__PATH" CLASSORIGIN="___SYSTEM" TYPE="string"></PROPERTY>
          <PROPERTY NAME="__NAMESPACE" CLASSORIGIN="___SYSTEM" TYPE="string"></PROPERTY>
          <PROPERTY NAME="__SERVER" CLASSORIGIN="___SYSTEM" TYPE="string"></PROPERTY>
          <PROPERTY.ARRAY NAME="__DERIVATION" CLASSORIGIN="___SYSTEM" TYPE="string">
            <VALUE.ARRAY></VALUE.ARRAY>
          </PROPERTY.ARRAY>
          <PROPERTY NAME="__PROPERTY_COUNT" CLASSORIGIN="___SYSTEM" TYPE="sint32">
            <VALUE>3</VALUE>
          </PROPERTY>
          <PROPERTY NAME="__RELPATH" CLASSORIGIN="___SYSTEM" TYPE="string"></PROPERTY>
          <PROPERTY NAME="__DYNASTY" CLASSORIGIN="___SYSTEM" TYPE="string">
            <VALUE>SMS_TaskSequence_Reference</VALUE>
          </PROPERTY>
          <PROPERTY NAME="__SUPERCLASS" CLASSORIGIN="___SYSTEM" TYPE="string"></PROPERTY>
          <PROPERTY NAME="__CLASS" CLASSORIGIN="___SYSTEM" TYPE="string">
            <VALUE>SMS_TaskSequence_Reference</VALUE>
          </PROPERTY>
          <PROPERTY NAME="__GENUS" CLASSORIGIN="___SYSTEM" TYPE="sint32">
            <VALUE>2</VALUE>
          </PROPERTY>
          <PROPERTY NAME="Package" CLASSORIGIN="SMS_TaskSequence_Reference" TYPE="string">
            <QUALIFIER NAME="CIMTYPE" PROPAGATED="true" TYPE="string" TOINSTANCE="true">
              <VALUE>string</VALUE>
            </QUALIFIER>
            <VALUE>PS100241</VALUE>
          </PROPERTY>
          <PROPERTY NAME="Program" CLASSORIGIN="SMS_TaskSequence_Reference" TYPE="string">
            <QUALIFIER NAME="CIMTYPE" PROPAGATED="true" TYPE="string" TOINSTANCE="true">
              <VALUE>string</VALUE>
            </QUALIFIER>
            <VALUE>*</VALUE>
          </PROPERTY>
          <PROPERTY NAME="Type" CLASSORIGIN="SMS_TaskSequence_Reference" TYPE="uint32">
            <QUALIFIER NAME="CIMTYPE" PROPAGATED="true" TYPE="string" TOINSTANCE="true">
              <VALUE>uint32</VALUE>
            </QUALIFIER>
            <VALUE>0</VALUE>
          </PROPERTY>
        </INSTANCE>
      </VALUE.OBJECT>
      <VALUE.OBJECT>
        <INSTANCE CLASSNAME="SMS_TaskSequence_Reference">
          <PROPERTY NAME="__PATH" CLASSORIGIN="___SYSTEM" TYPE="string"></PROPERTY>
          <PROPERTY NAME="__NAMESPACE" CLASSORIGIN="___SYSTEM" TYPE="string"></PROPERTY>
          <PROPERTY NAME="__SERVER" CLASSORIGIN="___SYSTEM" TYPE="string"></PROPERTY>
          <PROPERTY.ARRAY NAME="__DERIVATION" CLASSORIGIN="___SYSTEM" TYPE="string">
            <VALUE.ARRAY></VALUE.ARRAY>
          </PROPERTY.ARRAY>
          <PROPERTY NAME="__PROPERTY_COUNT" CLASSORIGIN="___SYSTEM" TYPE="sint32">
            <VALUE>3</VALUE>
          </PROPERTY>
          <PROPERTY NAME="__RELPATH" CLASSORIGIN="___SYSTEM" TYPE="string"></PROPERTY>
          <PROPERTY NAME="__DYNASTY" CLASSORIGIN="___SYSTEM" TYPE="string">
            <VALUE>SMS_TaskSequence_Reference</VALUE>
          </PROPERTY>
          <PROPERTY NAME="__SUPERCLASS" CLASSORIGIN="___SYSTEM" TYPE="string"></PROPERTY>
          <PROPERTY NAME="__CLASS" CLASSORIGIN="___SYSTEM" TYPE="string">
            <VALUE>SMS_TaskSequence_Reference</VALUE>
          </PROPERTY>
          <PROPERTY NAME="__GENUS" CLASSORIGIN="___SYSTEM" TYPE="sint32">
            <VALUE>2</VALUE>
          </PROPERTY>
          <PROPERTY NAME="Package" CLASSORIGIN="SMS_TaskSequence_Reference" TYPE="string">
            <QUALIFIER NAME="CIMTYPE" PROPAGATED="true" TYPE="string" TOINSTANCE="true">
              <VALUE>string</VALUE>
            </QUALIFIER>
            <VALUE>PS10024D</VALUE>
          </PROPERTY>
          <PROPERTY NAME="Program" CLASSORIGIN="SMS_TaskSequence_Reference" TYPE="string">
            <QUALIFIER NAME="CIMTYPE" PROPAGATED="true" TYPE="string" TOINSTANCE="true">
              <VALUE>string</VALUE>
            </QUALIFIER>
            <VALUE>*</VALUE>
          </PROPERTY>
          <PROPERTY NAME="Type" CLASSORIGIN="SMS_TaskSequence_Reference" TYPE="uint32">
            <QUALIFIER NAME="CIMTYPE" PROPAGATED="true" TYPE="string" TOINSTANCE="true">
              <VALUE>uint32</VALUE>
            </QUALIFIER>
            <VALUE>0</VALUE>
          </PROPERTY>
        </INSTANCE>
      </VALUE.OBJECT>
      <VALUE.OBJECT>
        <INSTANCE CLASSNAME="SMS_TaskSequence_Reference">
          <PROPERTY NAME="__PATH" CLASSORIGIN="___SYSTEM" TYPE="string"></PROPERTY>
          <PROPERTY NAME="__NAMESPACE" CLASSORIGIN="___SYSTEM" TYPE="string"></PROPERTY>
          <PROPERTY NAME="__SERVER" CLASSORIGIN="___SYSTEM" TYPE="string"></PROPERTY>
          <PROPERTY.ARRAY NAME="__DERIVATION" CLASSORIGIN="___SYSTEM" TYPE="string">
            <VALUE.ARRAY></VALUE.ARRAY>
          </PROPERTY.ARRAY>
          <PROPERTY NAME="__PROPERTY_COUNT" CLASSORIGIN="___SYSTEM" TYPE="sint32">
            <VALUE>3</VALUE>
          </PROPERTY>
          <PROPERTY NAME="__RELPATH" CLASSORIGIN="___SYSTEM" TYPE="string"></PROPERTY>
          <PROPERTY NAME="__DYNASTY" CLASSORIGIN="___SYSTEM" TYPE="string">
            <VALUE>SMS_TaskSequence_Reference</VALUE>
          </PROPERTY>
          <PROPERTY NAME="__SUPERCLASS" CLASSORIGIN="___SYSTEM" TYPE="string"></PROPERTY>
          <PROPERTY NAME="__CLASS" CLASSORIGIN="___SYSTEM" TYPE="string">
            <VALUE>SMS_TaskSequence_Reference</VALUE>
          </PROPERTY>
          <PROPERTY NAME="__GENUS" CLASSORIGIN="___SYSTEM" TYPE="sint32">
            <VALUE>2</VALUE>
          </PROPERTY>
          <PROPERTY NAME="Package" CLASSORIGIN="SMS_TaskSequence_Reference" TYPE="string">
            <QUALIFIER NAME="CIMTYPE" PROPAGATED="true" TYPE="string" TOINSTANCE="true">
              <VALUE>string</VALUE>
            </QUALIFIER>
            <VALUE>ScopeId_1634F77F-E90E-49DB-A5EC-71489112DBBC/Application_f1353008-c105-477a-b761-80edf5842ef5</VALUE>
          </PROPERTY>
          <PROPERTY NAME="Program" CLASSORIGIN="SMS_TaskSequence_Reference" TYPE="string">
            <QUALIFIER NAME="CIMTYPE" PROPAGATED="true" TYPE="string" TOINSTANCE="true">
              <VALUE>string</VALUE>
            </QUALIFIER>
            <VALUE></VALUE>
          </PROPERTY>
          <PROPERTY NAME="Type" CLASSORIGIN="SMS_TaskSequence_Reference" TYPE="uint32">
            <QUALIFIER NAME="CIMTYPE" PROPAGATED="true" TYPE="string" TOINSTANCE="true">
              <VALUE>uint32</VALUE>
            </QUALIFIER>
            <VALUE>1</VALUE>
          </PROPERTY>
        </INSTANCE>
      </VALUE.OBJECT>
    </VALUE.OBJECTARRAY>
  </PROPERTY.OBJECTARRAY>
  <PROPERTY NAME="ReferencesCount" CLASSORIGIN="SMS_TaskSequencePackage" TYPE="uint32">
    <QUALIFIER NAME="CIMTYPE" PROPAGATED="true" TYPE="string" TOINSTANCE="true">
      <VALUE>uint32</VALUE>
    </QUALIFIER>
    <VALUE>4</VALUE>
  </PROPERTY>
  <PROPERTY NAME="RefreshPkgSourceFlag" CLASSORIGIN="SMS_PackageBaseclass" TYPE="boolean">
    <QUALIFIER NAME="CIMTYPE" PROPAGATED="true" TYPE="string" TOINSTANCE="true">
      <VALUE>boolean</VALUE>
    </QUALIFIER>
    <VALUE>FALSE</VALUE>
  </PROPERTY>
  <PROPERTY.OBJECTARRAY NAME="RefreshSchedule" CLASSORIGIN="SMS_PackageBaseclass" REFERENCECLASS="SMS_ScheduleToken">
    <QUALIFIER NAME="CIMTYPE" PROPAGATED="true" TYPE="string" TOINSTANCE="true">
      <VALUE>object:SMS_ScheduleToken</VALUE>
    </QUALIFIER>
  </PROPERTY.OBJECTARRAY>
  <PROPERTY NAME="Reserved" CLASSORIGIN="SMS_TaskSequencePackage" TYPE="string">
    <QUALIFIER NAME="CIMTYPE" PROPAGATED="true" TYPE="string" TOINSTANCE="true">
      <VALUE>string</VALUE>
    </QUALIFIER>
  </PROPERTY>
  <PROPERTY NAME="RestartRequired" CLASSORIGIN="SMS_TaskSequencePackage" TYPE="uint32">
    <QUALIFIER NAME="CIMTYPE" PROPAGATED="true" TYPE="string" TOINSTANCE="true">
      <VALUE>uint32</VALUE>
    </QUALIFIER>
    <VALUE>0</VALUE>
  </PROPERTY>
  <PROPERTY.ARRAY NAME="SecuredScopeNames" CLASSORIGIN="SMS_PackageBaseclass" TYPE="string">
    <QUALIFIER NAME="CIMTYPE" PROPAGATED="true" TYPE="string" TOINSTANCE="true">
      <VALUE>string</VALUE>
    </QUALIFIER>
    <VALUE.ARRAY>
      <VALUE>Default</VALUE>
    </VALUE.ARRAY>
  </PROPERTY.ARRAY>
  <PROPERTY NAME="SedoObjectVersion" CLASSORIGIN="SMS_PackageBaseclass" TYPE="string">
    <QUALIFIER NAME="CIMTYPE" PROPAGATED="true" TYPE="string" TOINSTANCE="true">
      <VALUE>string</VALUE>
    </QUALIFIER>
    <VALUE>B36F4FD9-32A2-459D-8E9E-70EA1A8A0F26</VALUE>
  </PROPERTY>
  <PROPERTY NAME="Sequence" CLASSORIGIN="SMS_TaskSequencePackage" TYPE="string">
    <QUALIFIER NAME="CIMTYPE" PROPAGATED="true" TYPE="string" TOINSTANCE="true">
      <VALUE>string</VALUE>
    </QUALIFIER>
    <VALUE><![CDATA[<sequence version="3.10"><referenceList><reference package="PS10005C"/><reference package="PS100241"/><reference package="PS10024D"/><reference application="ScopeId_1634F77F-E90E-49DB-A5EC-71489112DBBC/Application_f1353008-c105-477a-b761-80edf5842ef5"/></referenceList><group name="Prepare for Upgrade" description="Actions to run in full OS to prepare for upgrade of the operating system."><step type="SMS_TaskSequence_PrestartCheckAction" name="Check Readiness for Upgrade" description="Check whether the computer is ready for the upgrade of the operating system." runIn="WinPEandFullOS" successCodeList="0" retryCount="0" runFromNet="false"><action>OSDPrestartCheck.exe </action><defaultVarList><variable name="OSDCheckFreeDiskSpace" property="CheckFreeDiskSpace">false</variable><variable name="OSDCheckMemory" property="CheckMemory">true</variable><variable name="OSDCheckOSType" property="CheckOSType">true</variable><variable name="OSDCheckProcessorSpeed" property="CheckProcessorSpeed">true</variable><variable name="OSDFreeDiskSpace" property="FreeDiskSpace">5120</variable><variable name="OSDMemory" property="Memory">2048</variable><variable name="OSDOSType" property="OSType">CLIENT</variable><variable name="OSDProcessorSpeed" property="ProcessorSpeed">1024</variable></defaultVarList></step><step type="SMS_TaskSequence_UpgradeOperatingSystemAction" name="Upgrade Assessment" description="" continueOnError="true" runIn="FullOS" successCodeList="0" retryCount="0" runFromNet="false"><action>OSDUpgradeOS.exe </action><defaultVarList><variable name="OSDUpgradeDynamicUpdateSettings" property="DynamicUpdateSettings">Disable</variable><variable name="OSDUpgradeIgnoreMessages" property="IgnoreMessages">false</variable><variable name="OSDUpgradeInstallEditionIndex" property="InstallEditionIndex">1</variable><variable name="OSDUpgradeInstallPackageID" property="InstallPackageID">PS10005C</variable><variable name="OSDUpgradeInstallPath" property="InstallPath"></variable><variable name="OSDUpgradeOsProductKey" property="OsProductKey"></variable><variable name="OSDUpgradePreserveSettings" property="PreserveSettings">Upgrade</variable><variable name="OSDUpgradeScanOnly" property="ScanOnly">true</variable><variable name="OSDUpgradeStagedContent" property="StagedContent"></variable></defaultVarList></step></group><group name="Upgrade the Operating System" description="Action to run in full operating system to upgrade it. Requires a minimum version of Windows 10."><condition><expression type="SMS_TaskSequence_VariableConditionExpression"><variable name="Operator">equals</variable><variable name="Value">3247440400</variable><variable name="Variable">_SMSTSOSUpgradeActionReturnCode</variable></expression></condition><group name="Download Drivers" description="" continueOnError="true"><step type="SMS_TaskSequence_DownloadPackageContentAction" name="Dell Latitude E7270" description="" runIn="WinPEandFullOS" successCodeList="0" retryCount="0" runFromNet="false"><condition><expression type="SMS_TaskSequence_WMIConditionExpression"><variable name="Namespace">root\cimv2</variable><variable name="Query">SELECT * FROM Win32_ComputerSystem WHERE Model LIKE '%Latitude E7270%'</variable></expression></condition><action>OsdDownloadContent.exe </action><defaultVarList><variable name="OSDDownloadContinueDownloadOnError" property="ContinueDownloadOnError">true</variable><variable name="OSDDownloadDestinationPath" property="DestinationCustomPath">C:\W10Drivers</variable><variable name="OSDDownloadDestinationLocationType" property="DestinationLocationType">Custom</variable><variable name="OSDDownloadDestinationVariable" property="DestinationVariable">W10Drivers</variable><variable name="OSDDownloadDownloadPackages" property="DownloadPackages">PS100241</variable><variable name="OSDPackageCount" property="NumPackages">1</variable><variable name="OSDPackage" property="PackageInfo" hidden="true">1</variable><variable name="OSDPackage0Name" property="PackageInfo0Name">Windows 10 x64 - Dell Latitude E7270</variable><variable name="OSDPackage0PackageId" property="PackageInfo0PackageId">PS100241</variable><variable name="OSDPackage0PkgType" property="PackageInfo0PkgType">0</variable><variable name="OSDPackage0Size" property="PackageInfo0Size">1072204</variable></defaultVarList></step><step type="SMS_TaskSequence_DownloadPackageContentAction" name="HP EliteBook 8560w" description="" runIn="WinPEandFullOS" successCodeList="0" retryCount="0" runFromNet="false"><condition><expression type="SMS_TaskSequence_WMIConditionExpression"><variable name="Namespace">root\cimv2</variable><variable name="Query">SELECT * FROM Win32_ComputerSystem WHERE Model LIKE '%EliteBook 8560w%'</variable></expression></condition><action>OsdDownloadContent.exe </action><defaultVarList><variable name="OSDDownloadContinueDownloadOnError" property="ContinueDownloadOnError">true</variable><variable name="OSDDownloadDestinationPath" property="DestinationCustomPath">C:\W10Drivers</variable><variable name="OSDDownloadDestinationLocationType" property="DestinationLocationType">Custom</variable><variable name="OSDDownloadDestinationVariable" property="DestinationVariable">W10Drivers</variable><variable name="OSDDownloadDownloadPackages" property="DownloadPackages">PS10024D</variable><variable name="OSDPackageCount" property="NumPackages">1</variable><variable name="OSDPackage" property="PackageInfo" hidden="true">1</variable><variable name="OSDPackage0Name" property="PackageInfo0Name">Windows 10 x64 - HP EliteBook 8560w</variable><variable name="OSDPackage0PackageId" property="PackageInfo0PackageId">PS10024D</variable><variable name="OSDPackage0PkgType" property="PackageInfo0PkgType">0</variable><variable name="OSDPackage0Size" property="PackageInfo0Size">131</variable></defaultVarList></step><step type="SMS_TaskSequence_SetVariableAction" name="Instruct setup to install drivers if available" description="The driver option on the Upgrade Operating System action fails if folder doesn't exist, using this as a workaround" runIn="WinPEandFullOS" successCodeList="0" retryCount="0" runFromNet="false"><condition><expression type="SMS_TaskSequence_FolderConditionExpression"><variable name="Path">C:\W10Drivers</variable></expression></condition><action>tsenv.exe "OSDSetupAdditionalUpgradeOptions=/installdrivers %W10Drivers01%"</action><defaultVarList><variable name="VariableName" property="VariableName" hidden="true">OSDSetupAdditionalUpgradeOptions</variable><variable name="VariableValue" property="VariableValue" hidden="true">/installdrivers %W10Drivers01%</variable></defaultVarList></step></group><step type="SMS_TaskSequence_UpgradeOperatingSystemAction" name="Upgrade Operating System" description="Action to run in full operating system to upgrade it. Requires a minimum version of Windows 10." runIn="FullOS" successCodeList="0" retryCount="0" runFromNet="false"><condition><expression type="SMS_TaskSequence_FolderConditionExpression"><variable name="Path">C:\W10Drivers</variable></expression></condition><action>OSDUpgradeOS.exe </action><defaultVarList><variable name="OSDUpgradeDynamicUpdateSettings" property="DynamicUpdateSettings">Disable</variable><variable name="OSDUpgradeIgnoreMessages" property="IgnoreMessages">false</variable><variable name="OSDUpgradeInstallEditionIndex" property="InstallEditionIndex">1</variable><variable name="OSDUpgradeInstallPackageID" property="InstallPackageID">PS10005C</variable><variable name="OSDUpgradeInstallPath" property="InstallPath"></variable><variable name="OSDUpgradeOsProductKey" property="OsProductKey"></variable><variable name="OSDUpgradePreserveSettings" property="PreserveSettings">Upgrade</variable><variable name="OSDUpgradeScanOnly" property="ScanOnly">false</variable><variable name="OSDUpgradeStagedContent" property="StagedContent"></variable></defaultVarList></step><step type="SMS_TaskSequence_RebootAction" name="Restart Computer" description="" runIn="WinPEandFullOS" successCodeList="0" retryCount="0" runFromNet="false"><action>smsboot.exe /target:HD</action><defaultVarList><variable name="SMSRebootMessage" property="Message">Microsoft Windows operating system is being upgraded. The computer must reboot to continue.</variable><variable name="SMSRebootTimeout" property="MessageTimeout">10</variable><variable name="SMSRebootTarget" property="Target" hidden="true">HD</variable></defaultVarList></step></group><group name="Post-Processing" description="Run tasks after the operating system upgrades and the computer restarts"><condition><expression type="SMS_TaskSequence_VariableConditionExpression"><variable name="Operator">equals</variable><variable name="Value">false</variable><variable name="Variable">_SMSTSSetupRollback</variable></expression></condition><step type="SMS_TaskSequence_InstallUpdateAction" name="Install Updates" description="" continueOnError="true" runIn="FullOS" successCodeList="0" retryCount="2" runFromNet="false"><action>TSInstallSWUpdate.exe /target:%SMSInstallUpdateTarget%</action><defaultVarList><variable name="RetryCount" property="RetryCount" hidden="true">2</variable><variable name="SMSInstallUpdateTarget" property="Target">All</variable></defaultVarList></step><step type="SMS_TaskSequence_InstallApplicationAction" name="Install Applications" description="" runIn="FullOS" successCodeList="0" retryCount="2" runFromNet="false"><action>smsappinstall.exe /app:ScopeId_1634F77F-E90E-49DB-A5EC-71489112DBBC/Application_f1353008-c105-477a-b761-80edf5842ef5 /basevar: /continueOnError:False</action><defaultVarList><variable name="OSDApp" property="AppInfo" hidden="true">1</variable><variable name="OSDApp0Description" property="AppInfo0Description">Valid</variable><variable name="OSDApp0DisplayName" property="AppInfo0DisplayName">Demo - Adobe Acrobat Reader DC - OSD Install</variable><variable name="OSDApp0Name" property="AppInfo0Name">ScopeId_1634F77F-E90E-49DB-A5EC-71489112DBBC/Application_f1353008-c105-477a-b761-80edf5842ef5</variable><variable name="ApplicationName" property="ApplicationName" hidden="true">ScopeId_1634F77F-E90E-49DB-A5EC-71489112DBBC/Application_f1353008-c105-477a-b761-80edf5842ef5</variable><variable name="ContinueOnInstallError" property="ContinueOnInstallError" hidden="true">false</variable><variable name="OSDAppCount" property="NumApps">1</variable><variable name="RetryCount" property="RetryCount" hidden="true">2</variable></defaultVarList></step><step type="SMS_TaskSequence_RunCommandLineAction" name="Cleanup" description="Remove the C:\W10Drivers folder if it exist" runIn="WinPEandFullOS" successCodeList="0 3010" retryCount="0" runFromNet="false"><action>smsswd.exe /run: Powershell.exe -ExecutionPolicy Bypass -Command "If (Test-Path 'C:\W10Drivers'){ Remove-Item 'C:\W10Drivers' -Recurse -Force }"</action><defaultVarList><variable name="CommandLine" property="CommandLine" hidden="true">Powershell.exe -ExecutionPolicy Bypass -Command "If (Test-Path 'C:\W10Drivers'){ Remove-Item 'C:\W10Drivers' -Recurse -Force }"</variable><variable name="SMSTSDisableWow64Redirection" property="DisableWow64Redirection">false</variable><variable name="_SMSTSRunCommandLineAsUser" property="RunAsUser">false</variable><variable name="SuccessCodes" property="SuccessCodes" hidden="true">0 3010</variable></defaultVarList></step></group><group name="Rollback" description="Run tasks if the upgrade fails and the operating system rolls back"><condition><expression type="SMS_TaskSequence_VariableConditionExpression"><variable name="Operator">equals</variable><variable name="Value">true</variable><variable name="Variable">_SMSTSSetupRollback</variable></expression></condition></group></sequence>
]]></VALUE>
  </PROPERTY>
  <PROPERTY NAME="ShareName" CLASSORIGIN="SMS_PackageBaseclass" TYPE="string">
    <QUALIFIER NAME="CIMTYPE" PROPAGATED="true" TYPE="string" TOINSTANCE="true">
      <VALUE>string</VALUE>
    </QUALIFIER>
    <VALUE></VALUE>
  </PROPERTY>
  <PROPERTY NAME="ShareType" CLASSORIGIN="SMS_PackageBaseclass" TYPE="uint32">
    <QUALIFIER NAME="CIMTYPE" PROPAGATED="true" TYPE="string" TOINSTANCE="true">
      <VALUE>uint32</VALUE>
    </QUALIFIER>
    <VALUE>1</VALUE>
  </PROPERTY>
  <PROPERTY NAME="SourceDate" CLASSORIGIN="SMS_PackageBaseclass" TYPE="datetime">
    <QUALIFIER NAME="CIMTYPE" PROPAGATED="true" TYPE="string" TOINSTANCE="true">
      <VALUE>datetime</VALUE>
    </QUALIFIER>
    <VALUE>20160105014820.000000+000</VALUE>
  </PROPERTY>
  <PROPERTY NAME="SourceSite" CLASSORIGIN="SMS_PackageBaseclass" TYPE="string">
    <QUALIFIER NAME="CIMTYPE" PROPAGATED="true" TYPE="string" TOINSTANCE="true">
      <VALUE>string</VALUE>
    </QUALIFIER>
    <VALUE>PS1</VALUE>
  </PROPERTY>
  <PROPERTY NAME="SourceVersion" CLASSORIGIN="SMS_PackageBaseclass" TYPE="uint32">
    <QUALIFIER NAME="CIMTYPE" PROPAGATED="true" TYPE="string" TOINSTANCE="true">
      <VALUE>uint32</VALUE>
    </QUALIFIER>
    <VALUE>1</VALUE>
  </PROPERTY>
  <PROPERTY NAME="StoredPkgPath" CLASSORIGIN="SMS_PackageBaseclass" TYPE="string">
    <QUALIFIER NAME="CIMTYPE" PROPAGATED="true" TYPE="string" TOINSTANCE="true">
      <VALUE>string</VALUE>
    </QUALIFIER>
    <VALUE></VALUE>
  </PROPERTY>
  <PROPERTY NAME="StoredPkgVersion" CLASSORIGIN="SMS_PackageBaseclass" TYPE="uint32">
    <QUALIFIER NAME="CIMTYPE" PROPAGATED="true" TYPE="string" TOINSTANCE="true">
      <VALUE>uint32</VALUE>
    </QUALIFIER>
    <VALUE>1</VALUE>
  </PROPERTY>
  <PROPERTY.OBJECTARRAY NAME="SupportedOperatingSystems" CLASSORIGIN="SMS_TaskSequencePackage" REFERENCECLASS="SMS_OS_Details">
    <QUALIFIER NAME="CIMTYPE" PROPAGATED="true" TYPE="string" TOINSTANCE="true">
      <VALUE>object:SMS_OS_Details</VALUE>
    </QUALIFIER>
    <VALUE.OBJECTARRAY></VALUE.OBJECTARRAY>
  </PROPERTY.OBJECTARRAY>
  <PROPERTY NAME="TaskSequenceFlags" CLASSORIGIN="SMS_TaskSequencePackage" TYPE="uint32">
    <QUALIFIER NAME="CIMTYPE" PROPAGATED="true" TYPE="string" TOINSTANCE="true">
      <VALUE>uint32</VALUE>
    </QUALIFIER>
    <VALUE>0</VALUE>
  </PROPERTY>
  <PROPERTY NAME="Type" CLASSORIGIN="SMS_TaskSequencePackage" TYPE="uint32">
    <QUALIFIER NAME="CIMTYPE" PROPAGATED="true" TYPE="string" TOINSTANCE="true">
      <VALUE>uint32</VALUE>
    </QUALIFIER>
    <VALUE>2</VALUE>
  </PROPERTY>
  <PROPERTY NAME="Version" CLASSORIGIN="SMS_PackageBaseclass" TYPE="string">
    <QUALIFIER NAME="CIMTYPE" PROPAGATED="true" TYPE="string" TOINSTANCE="true">
      <VALUE>string</VALUE>
    </QUALIFIER>
    <VALUE></VALUE>
  </PROPERTY>
</INSTANCE>